priority,status,item
P1,DONE,Restore Gradle wrapper and verify release build
P1,DONE,Validate CI debug keystore secret
P2,DONE,Add UUID saleId independent of invoice number
P2,DONE,Make invoice numbering collision-safe across devices
P3,DONE,Test Room migrations from oldest supported version to 32 (see MIGRATION_TEST_PLAN.md: exportSchema enabled + androidTest infra added + MigrationTest.kt runs the full 13->32 chain with 2 data-integrity checks; v13 base schema is a best-effort reconstruction from the migration diffs since exportSchema was off historically -- needs verification against a real old backup/APK before being a full release gate, see the plan doc)
P4,PLAN READY,Run two-device offline sync stress tests (see SYNC_STRESS_TEST_PLAN.md: 10 scenarios -- volume/backlog drain past the 200-row batch cap, 3-way conflict contention + concurrent non-stock edit, delete-vs-edit race, clock skew (confirmed real: last-write-wins uses each device's own local clock, not server time), app-killed-mid-sync, retry-ceiling at retryCount>=10 (confirmed auto-excluded from pending()), 24h+ real offline window; SyncWorker.kt/SyncApi.kt/SyncRepository.kt now restored so all timing/retry mechanics are confirmed from code, not assumed; still needs a human tester with 2 real devices + live Firebase to actually execute, cannot run in this sandbox)
P5,DONE,Review Android backup policy for POS business data
P6,DONE,Add strict sale/purchase input validation (duplicate invoice/bill, empty bill, qty>0, rate>=0 all added; discount/paid<=total already safe)
P7,DONE,Keep business writes atomic with Room transactions (code review: RoomSaleRepository/RoomPurchaseRepository/HistoryActivity/PurchaseHistoryActivity/SaleHistoryActivity all correctly wrap composite writes in db.withTransaction; found and fixed one gap in PartyTransactionActivity.savePayment() which ran payment insert + balance adjust + cash transaction as unguarded sequential writes; NOTE: SyncQueueHelper.kt is not present in this zip, so adjustCustomerBalance/adjustSupplierBalance internals could not be verified)
P8,DONE,Refactor SaleActivity into ViewModel/use cases (verified: SaleActivity has zero direct Room/repository access — all business logic already routes through SaleViewModel -> SaveSaleUseCase/DeleteSaleUseCase/etc; remaining ~1350 lines are UI construction only)
P9,DONE,Expand sales/purchase/sync automated tests (Sale-side and Purchase-side P6 validation covered via FakeSaleRepository/FakePurchaseRepository; SyncQueueHelperTest covers entity-id generation + all 8 JSON payload builders incl. cashRegisterJson, incl. regression guards that balance/stock/passwordHash never leak into a full-snapshot payload; the remaining Room-dependent half -- enqueue/trigger/adjustBalance/stock-delta functions and saleJson/purchaseJson -- is now covered by app/src/androidTest/.../SyncQueueHelperInstrumentedTest.kt (20 tests, in-memory Room DB, run via ./gradlew connectedDebugAndroidTest); SyncApi.applyServerChanges()'s conflict-audit-log branches and the actual push()/pull() network round-trip remain manual, see P4/SYNC-CONFLICT-TESTS.md)
P10,PLAN READY,Complete production release checklist (see RELEASE_CHECKLIST.md: expanded with concrete cross-references to every fix/test from P3/P4/P7/P9 -- specific test commands, R8/ProGuard left off for release with no explicit decision, versionCode/versionName bump reminder, and a sign-off section requiring evidence not just checked boxes; firestore.rules now exists in-repo (P11) but still needs to be deployed to the live Firebase project; still needs a human to actually execute every box on real devices/Firebase before a release ships)
P11,DONE (code) / NEEDS DEPLOY+DEVICE TEST,Sync Cash Register (daily till open/edit/close/reopen) to Firebase and fix firestore.rules gap (CashRegister was local-only by original design; added cashRegisterEntityId/cashRegisterJson/enqueueCashRegister to SyncQueueHelper.kt, wired push/pull/applyServerChanges in SyncApi.kt, cashRegistersReceived in SyncRepository.kt, CashRegisterDao.allOnce(), and SyncQueueHelperTest coverage; also found and fixed firestore.rules missing units/categories/zakat_years/zakat_payments/returns/stock_movements/app_settings from isSyncedCollection() -- those were syncing in code but silently rejected server-side with PERMISSION_DENIED; firestore.rules edit must still be deployed via console or firebase CLI, and the two-device till flow needs a manual test per SYNC-CONFLICT-TESTS.md)
P12,PREPARED / NOT ENABLED,Prepare R8/ProGuard keep rules ahead of the RELEASE_CHECKLIST.md open decision (added app/proguard-rules.pro with Gson generic-signature rules, Firestore/gRPC TLS-provider dontwarns for the well-documented Conscrypt/BouncyCastle build-failure gotcha, an explicit WorkManager reflective-Worker-instantiation keep covering SyncWorker + BackupCheckpointWorker, and a keep for SettingsActivity.tryOpenActivity()'s Class.forName("com.grocerypos.v11.ui.ExpenseActivity") call -- that class is already manifest-declared so AGP's default rules cover it today, but this makes the dependency explicit rather than implicit; app/build.gradle.kts release buildType now wires proguardFiles(...) in, but isMinifyEnabled is deliberately left off/default -- turning it on is still a human decision, not something this pass makes unilaterally; RELEASE_CHECKLIST.md's R8 checklist item updated to point at this file and its own pre-release testing steps)
P13,DONE,Fix supplier/customer balance drift on Purchase entry screen and bill preview receipts (PurchaseActivity.updateSupplierBalanceDisplay and BillPreviewActivity Prev/Net Balance rows read the stored .balance field directly -- could disagree with the Dashboard/Party screens for the same party after any adjustCustomerBalance/adjustSupplierBalance drift; added PartyRepository.liveSupplierBalance()/liveCustomerBalance() single-party lookups and switched both screens to them; PartyActivity.confirmDeleteCustomer/confirmDeleteSupplier and SaleUseCases credit-limit projectedBalance still read the stored field and were NOT touched in this pass -- flagged for a follow-up)
